mondo id,chembl id,has hit
MONDO:0016241,CHEMBL30008,False
MONDO:0009971,CHEMBL1472,True
MONDO:0009971,CHEMBL1201622,False
MONDO:0009971,CHEMBL1201447,False
MONDO:0009971,CHEMBL1201624,False
MONDO:0019353,CHEMBL2107821,False
MONDO:0019353,CHEMBL2105502,False
MONDO:0019353,CHEMBL3967849,False
MONDO:0019353,CHEMBL1200367,False
MONDO:0001112,CHEMBL1200706,False
MONDO:0017282,CHEMBL1483,False
MONDO:0019355,CHEMBL1201830,False
MONDO:0019355,CHEMBL1201834,False
MONDO:0019355,CHEMBL2108054,False
MONDO:0004967,CHEMBL1742992,False
MONDO:0004967,CHEMBL2108611,False
MONDO:0004967,CHEMBL1750,False
MONDO:0004967,CHEMBL385978,False
MONDO:0004967,CHEMBL305686,True
MONDO:0004967,CHEMBL550755,False
MONDO:0004967,CHEMBL941,True
MONDO:0004967,CHEMBL1200751,False
MONDO:0004967,CHEMBL34259,True
MONDO:0004967,CHEMBL1201112,False
MONDO:0004967,CHEMBL1171837,True
MONDO:0004967,CHEMBL1789941,True
MONDO:0004967,CHEMBL1743043,False
MONDO:0004967,CHEMBL3301574,False
MONDO:0004967,CHEMBL3334759,False
MONDO:0004967,CHEMBL4297474,False
MONDO:0004967,CHEMBL590985,False
MONDO:0004967,CHEMBL2108404,False
MONDO:0004967,CHEMBL1863514,False
MONDO:0012883,CHEMBL38,True
MONDO:0012883,CHEMBL25202,True
MONDO:0012883,CHEMBL1469,True
MONDO:0006639,CHEMBL1091644,True
MONDO:0006639,CHEMBL51483,True
MONDO:0008757,CHEMBL1373467,False
MONDO:0018998,CHEMBL81379,False
MONDO:0024275,CHEMBL1220,False
MONDO:0024275,CHEMBL215226,False
MONDO:0007100,CHEMBL2103837,False
MONDO:0007100,CHEMBL1324,False
MONDO:0007100,CHEMBL3940890,False
MONDO:0007100,CHEMBL4594492,False
MONDO:0006468,CHEMBL1206232,False
MONDO:0012084,CHEMBL3400972,False
MONDO:0007318,CHEMBL4297588,False
MONDO:0007191,CHEMBL1201580,False
MONDO:0007191,CHEMBL628,False
MONDO:0007191,CHEMBL107,Request error
MONDO:0007191,CHEMBL1743026,False
MONDO:0015274,CHEMBL214332,False
MONDO:0019402,CHEMBL413,True
MONDO:0019402,CHEMBL556,True
MONDO:0019402,CHEMBL4297982,False
MONDO:0019402,CHEMBL1743073,False
MONDO:0022568,CHEMBL1083993,False
MONDO:0022568,CHEMBL1700,False
MONDO:0000914,CHEMBL120643,False
MONDO:0042233,CHEMBL3137333,False
MONDO:0001956,CHEMBL2108350,False
MONDO:0022653,CHEMBL1200778,False
MONDO:0007309,CHEMBL196,True
MONDO:0013433,CHEMBL367149,True
MONDO:0013433,CHEMBL17879,False
MONDO:0013433,CHEMBL4297920,False
MONDO:0013433,CHEMBL2109667,False
MONDO:0008978,CHEMBL3414621,False
MONDO:0018479,CHEMBL1287935,False
MONDO:0022821,CHEMBL4072132,False
MONDO:0022821,CHEMBL4298063,False
MONDO:0017409,CHEMBL265948,False
MONDO:0015183,CHEMBL1201621,False
MONDO:0015183,CHEMBL367149,True
MONDO:0015183,CHEMBL45,False
MONDO:0015183,CHEMBL930,False
MONDO:0015183,CHEMBL2107914,False
MONDO:0015183,CHEMBL4297761,False
MONDO:0010305,CHEMBL179900,False
MONDO:0007608,CHEMBL1770916,False
MONDO:0007608,CHEMBL1655,False
MONDO:0007608,CHEMBL3601411,False
MONDO:0011024,CHEMBL700,False
MONDO:0005737,CHEMBL539581,False
MONDO:0005737,CHEMBL3989996,False
MONDO:0005737,CHEMBL29711,False
MONDO:0005737,CHEMBL2108479,False
MONDO:0016025,CHEMBL118478,False
MONDO:0009211,CHEMBL4297869,False
MONDO:0008542,CHEMBL1215,True
MONDO:0005164,CHEMBL1642,True
MONDO:0018906,CHEMBL1873475,True
MONDO:0018906,CHEMBL1743007,False
MONDO:0018906,CHEMBL848,True
MONDO:0018906,CHEMBL1201746,True
MONDO:0018906,CHEMBL1743048,False
MONDO:0018906,CHEMBL2216870,True
MONDO:0018906,CHEMBL3989913,False
MONDO:0009265,CHEMBL1201633,False
MONDO:0009265,CHEMBL1201632,False
MONDO:0018177,CHEMBL2108738,False
MONDO:0018177,CHEMBL2103851,False
MONDO:0018177,CHEMBL506871,False
MONDO:0018177,CHEMBL267777,False
MONDO:0018177,CHEMBL286494,False
MONDO:0018177,CHEMBL3545365,False
MONDO:0018177,CHEMBL491473,False
MONDO:0018177,CHEMBL76,True
MONDO:0018177,CHEMBL300138,False
MONDO:0018177,CHEMBL19449,False
MONDO:0018177,CHEMBL2107818,False
MONDO:0018177,CHEMBL1515,False
MONDO:0018177,CHEMBL45816,False
MONDO:0018177,CHEMBL810,True
MONDO:0018177,CHEMBL190461,True
MONDO:0018177,CHEMBL185,True
MONDO:0018177,CHEMBL4297449,False
MONDO:0018177,CHEMBL412309,False
MONDO:0018177,CHEMBL1899801,False
MONDO:0018177,CHEMBL4207458,False
MONDO:0018177,CHEMBL483465,False
MONDO:0018177,CHEMBL3813842,False
MONDO:0018177,CHEMBL549748,False
MONDO:0018177,CHEMBL573677,False
MONDO:0018177,CHEMBL4594551,False
MONDO:0018177,CHEMBL2107863,False
MONDO:0018177,CHEMBL4594485,False
MONDO:0009303,CHEMBL4297981,False
MONDO:0018048,CHEMBL1201666,False
MONDO:0018048,CHEMBL494,True
MONDO:0010161,CHEMBL1337,False
MONDO:0004952,CHEMBL3137343,False
MONDO:0004952,CHEMBL2108738,False
MONDO:0004952,CHEMBL1742994,False
MONDO:0004952,CHEMBL4296717,True
MONDO:0004952,CHEMBL481122,False
MONDO:0004952,CHEMBL2216863,False
MONDO:0009849,CHEMBL1201834,False
MONDO:0015691,CHEMBL1642,True
MONDO:0009397,CHEMBL1201284,True
MONDO:0015900,CHEMBL4297885,False
MONDO:0020325,CHEMBL601719,True
MONDO:0020325,CHEMBL1742994,False
MONDO:0009504,CHEMBL306823,False
MONDO:0018905,CHEMBL3137309,False
MONDO:0018905,CHEMBL1873475,True
MONDO:0018905,CHEMBL1201746,True
MONDO:0018905,CHEMBL1908360,True
MONDO:0018905,CHEMBL1743048,False
MONDO:0018905,CHEMBL300138,True
MONDO:0018905,CHEMBL272980,False
MONDO:0018905,CHEMBL3545185,True
MONDO:0018905,CHEMBL3989913,False
MONDO:0018905,CHEMBL4594253,False
MONDO:0018905,CHEMBL4073443,False
MONDO:0018905,CHEMBL109,True
MONDO:0018905,CHEMBL3707274,False
MONDO:0009563,CHEMBL1746,False
MONDO:0008646,CHEMBL3707392,False
MONDO:0006277,CHEMBL413,True
MONDO:0005761,CHEMBL1454946,False
MONDO:0016366,CHEMBL1201774,True
MONDO:0018961,CHEMBL2146883,True
MONDO:0018961,CHEMBL1957038,False
MONDO:0018961,CHEMBL573677,False
MONDO:0018961,CHEMBL2107787,False
MONDO:0018961,CHEMBL217354,False
MONDO:0018961,CHEMBL4298122,False
MONDO:0018961,CHEMBL2107855,False
MONDO:0009588,CHEMBL1201621,False
MONDO:0012791,CHEMBL52609,False
MONDO:0009691,CHEMBL1742994,False
MONDO:0009691,CHEMBL80,True
MONDO:0100224,CHEMBL4594430,False
MONDO:0019010,CHEMBL4297949,False
MONDO:0019010,CHEMBL4297741,False
MONDO:0017198,CHEMBL1201564,False
MONDO:0009009,CHEMBL2108131,False
MONDO:0019121,CHEMBL2107359,False
MONDO:0009902,CHEMBL1413,False
MONDO:0006918,CHEMBL413,False
MONDO:0006918,CHEMBL1201390,False
MONDO:0016575,CHEMBL336296,False
MONDO:0023122,CHEMBL58,True
MONDO:0008319,CHEMBL863,False
MONDO:0008337,CHEMBL105,True
MONDO:0019740,CHEMBL4297694,False
MONDO:0019740,CHEMBL2108339,False
MONDO:0019740,CHEMBL3707226,False
MONDO:0019369,CHEMBL55214,False
MONDO:0019369,CHEMBL1237055,False
MONDO:0002546,CHEMBL191482,True
MONDO:0018078,CHEMBL1743049,False
MONDO:0018078,CHEMBL1683544,False
MONDO:0018078,CHEMBL2105728,False
MONDO:0018078,CHEMBL4303201,False
MONDO:0018078,CHEMBL889,False
MONDO:0018078,CHEMBL2103839,False
MONDO:0018078,CHEMBL254219,False
MONDO:0018078,CHEMBL417,False
MONDO:0018078,CHEMBL3414621,False
MONDO:0018078,CHEMBL788,False
MONDO:0018078,CHEMBL477772,False
MONDO:0018078,CHEMBL3545185,False
MONDO:0018078,CHEMBL260046,False
MONDO:0018078,CHEMBL1024,False
MONDO:0018078,CHEMBL4650626,False
MONDO:0018078,CHEMBL572284,False
MONDO:0018078,CHEMBL2037002,False
MONDO:0018078,CHEMBL450449,False
MONDO:0008259,CHEMBL2105615,False
MONDO:0008919,CHEMBL1149,Request error
MONDO:0008558,CHEMBL1200682,False
MONDO:0008558,CHEMBL1201832,False
MONDO:0008558,CHEMBL2105758,False
MONDO:0008558,CHEMBL461101,True
MONDO:0008558,CHEMBL1743088,False
MONDO:0008558,CHEMBL4297820,False
MONDO:0008558,CHEMBL2108747,False
MONDO:0018079,CHEMBL4297668,False
MONDO:0008566,CHEMBL24828,True
MONDO:0008566,CHEMBL2105717,True
MONDO:0008566,CHEMBL1289601,True
MONDO:0011514,CHEMBL2103873,False
MONDO:0009797,CHEMBL2107381,False
MONDO:0019960,CHEMBL1680,False
MONDO:0018087,CHEMBL4298082,False
MONDO:0008300,CHEMBL1446813,False
MONDO:0008300,CHEMBL3301668,False
MONDO:0008300,CHEMBL4297276,False
MONDO:0008300,CHEMBL181,False
MONDO:0008300,CHEMBL1236183,False
MONDO:0008300,CHEMBL1230988,False
MONDO:0008300,CHEMBL3301624,False
MONDO:0008300,CHEMBL4297504,False
MONDO:0010354,CHEMBL2348292,True
MONDO:0008948,CHEMBL240597,True
MONDO:0019200,CHEMBL81379,False
MONDO:0019200,CHEMBL4297637,False
MONDO:0006952,CHEMBL1222251,False
MONDO:0006952,CHEMBL1675,False
MONDO:0006952,CHEMBL1201717,False
MONDO:0010726,CHEMBL1697733,False
MONDO:0010726,CHEMBL4594269,False
MONDO:0010726,CHEMBL220808,False
MONDO:0010726,CHEMBL2206194,False
MONDO:0010726,CHEMBL2387742,False
MONDO:0010726,CHEMBL1289110,False
MONDO:0006502,CHEMBL1200689,False
MONDO:0006502,CHEMBL495,False
MONDO:0006502,CHEMBL1981592,False
MONDO:0006502,CHEMBL444814,False
MONDO:0009290,CHEMBL49080,False
MONDO:0009290,CHEMBL1201824,False
MONDO:0009290,CHEMBL460785,True
MONDO:0019933,CHEMBL1201515,False
MONDO:0019933,CHEMBL3349607,True
MONDO:0019933,CHEMBL1680,True
MONDO:0021811,CHEMBL4298118,False
MONDO:0004971,CHEMBL522892,True
MONDO:0007064,CHEMBL1201514,False
MONDO:0018544,CHEMBL816,False
MONDO:0013282,CHEMBL4297879,False
MONDO:0010520,CHEMBL1762621,False
MONDO:0004976,CHEMBL1201567,False
MONDO:0004976,CHEMBL744,Request error
MONDO:0004976,CHEMBL1794791,False
MONDO:0004976,CHEMBL248594,False
MONDO:0004976,CHEMBL1472,Request error
MONDO:0004976,CHEMBL3039529,False
MONDO:0004976,CHEMBL19449,False
MONDO:0004976,CHEMBL2051955,False
MONDO:0004976,CHEMBL61872,False
MONDO:0004976,CHEMBL438497,False
MONDO:0004976,CHEMBL4594259,False
MONDO:0004976,CHEMBL1887585,False
MONDO:0004976,CHEMBL416288,False
MONDO:0004976,CHEMBL249420,False
MONDO:0004976,CHEMBL1200574,Request error
MONDO:0004976,CHEMBL364713,False
MONDO:0004976,CHEMBL4297561,False
MONDO:0004976,CHEMBL2108747,False
MONDO:0004976,CHEMBL1171146,False
MONDO:0004976,CHEMBL4298063,False
MONDO:0004976,CHEMBL2108545,False
MONDO:0019438,CHEMBL1743007,False
MONDO:0007113,CHEMBL312443,False
MONDO:0002387,CHEMBL4650321,False
MONDO:0002387,CHEMBL109480,False
MONDO:0019172,CHEMBL256997,False
MONDO:0004845,CHEMBL468,False
MONDO:0012197,CHEMBL461101,False
MONDO:0012197,CHEMBL1230988,False
MONDO:0005657,CHEMBL3137333,False
MONDO:0005657,CHEMBL267345,False
MONDO:0008840,CHEMBL632,False
MONDO:0020108,CHEMBL1200796,False
MONDO:0020108,CHEMBL2103830,False
MONDO:0016264,CHEMBL19019,True
MONDO:0016264,CHEMBL190461,True
MONDO:0004095,CHEMBL1873475,True
MONDO:0004095,CHEMBL343448,True
MONDO:0004095,CHEMBL1201576,False
MONDO:0004095,CHEMBL1201606,False
MONDO:0004095,CHEMBL1201225,True
MONDO:0004095,CHEMBL1201604,False
MONDO:0004095,CHEMBL2108469,False
MONDO:0019952,CHEMBL541,False
MONDO:0010311,CHEMBL1213492,False
MONDO:0003060,CHEMBL3545307,False
MONDO:0019091,CHEMBL1675,False
MONDO:0005683,CHEMBL1201834,False
MONDO:0005683,CHEMBL107,True
MONDO:0019082,CHEMBL2109103,False
MONDO:0019082,CHEMBL4297832,False
MONDO:0019623,CHEMBL1201837,False
MONDO:0019623,CHEMBL2028850,True
MONDO:0019623,CHEMBL4297549,False
MONDO:0017215,CHEMBL2096650,False
MONDO:0015626,CHEMBL354077,False
MONDO:0015626,CHEMBL19019,False
MONDO:0010621,CHEMBL547,False
MONDO:0010621,CHEMBL424,False
MONDO:0010621,CHEMBL3707313,False
MONDO:0010621,CHEMBL4297210,False
MONDO:0010621,CHEMBL389433,False
MONDO:0010621,CHEMBL2108727,False
MONDO:0003210,CHEMBL1957038,True
MONDO:0003210,CHEMBL4298156,False
MONDO:0007691,CHEMBL314854,True
MONDO:0007691,CHEMBL4594547,False
MONDO:0004948,CHEMBL3137309,False
MONDO:0004948,CHEMBL1873475,True
MONDO:0004948,CHEMBL1742992,False
MONDO:0004948,CHEMBL1201587,False
MONDO:0004948,CHEMBL1201836,False
MONDO:0004948,CHEMBL1743048,False
MONDO:0004948,CHEMBL1201576,False
MONDO:0004948,CHEMBL2216870,False
MONDO:0004948,CHEMBL1096882,False
MONDO:0004948,CHEMBL2103840,True
MONDO:0004948,CHEMBL3989869,False
MONDO:0004948,CHEMBL550755,False
MONDO:0004948,CHEMBL487253,False
MONDO:0004948,CHEMBL1201734,False
MONDO:0004948,CHEMBL1619,True
MONDO:0004948,CHEMBL428690,True
MONDO:0004948,CHEMBL2105690,False
MONDO:0004948,CHEMBL2107358,False
MONDO:0004948,CHEMBL1201112,False
MONDO:0004948,CHEMBL1551724,False
MONDO:0004948,CHEMBL1743043,False
MONDO:0004948,CHEMBL1716091,False
MONDO:0004948,CHEMBL2105107,False
MONDO:0004948,CHEMBL51483,True
MONDO:0004948,CHEMBL4594531,False
MONDO:0004948,CHEMBL2108314,False
MONDO:0004948,CHEMBL2108354,False
MONDO:0004948,CHEMBL1743005,False
MONDO:0004948,CHEMBL1743040,False
MONDO:0004948,CHEMBL1743088,False
MONDO:0004948,CHEMBL1201723,False
MONDO:0011996,CHEMBL1201129,True
MONDO:0011996,CHEMBL176045,True
MONDO:0011996,CHEMBL255863,True
MONDO:0011996,CHEMBL46286,True
MONDO:0011996,CHEMBL941,True
MONDO:0011996,CHEMBL1171837,True
MONDO:0011996,CHEMBL2108508,False
MONDO:0011996,CHEMBL4208229,False
MONDO:0011996,CHEMBL108358,False
MONDO:0011996,CHEMBL4297811,False
MONDO:0011996,CHEMBL3989978,False
MONDO:0010269,CHEMBL1201583,False
MONDO:0015517,CHEMBL292008,False
MONDO:0013144,CHEMBL1201554,False
MONDO:0013144,CHEMBL2108574,False
MONDO:0013144,CHEMBL2108282,False
MONDO:0015474,CHEMBL1401,False
MONDO:0018912,CHEMBL1276308,True
MONDO:0018912,CHEMBL3349607,False
MONDO:0018912,CHEMBL934,True
MONDO:0018912,CHEMBL1201591,False
MONDO:0018912,CHEMBL4068611,False
MONDO:0018912,CHEMBL46423,False
MONDO:0018912,CHEMBL4441355,False
MONDO:0018912,CHEMBL295698,False
MONDO:0015758,CHEMBL1201550,False
MONDO:0015758,CHEMBL1023,False
MONDO:0015758,CHEMBL1742994,False
MONDO:0015758,CHEMBL53463,False
MONDO:0015758,CHEMBL7301,False
MONDO:0015758,CHEMBL383322,False
MONDO:0015758,CHEMBL4297584,False
MONDO:0015758,CHEMBL3707219,False
MONDO:0015758,CHEMBL311300,False
MONDO:0015758,CHEMBL549344,False
MONDO:0015758,CHEMBL553025,False
MONDO:0009061,CHEMBL2010601,False
MONDO:0009061,CHEMBL3544914,False
MONDO:0009061,CHEMBL1200689,False
MONDO:0009061,CHEMBL183,False
MONDO:0009061,CHEMBL63507,False
MONDO:0009061,CHEMBL336296,False
MONDO:0009061,CHEMBL1398126,False
MONDO:0009061,CHEMBL256997,False
MONDO:0009061,CHEMBL8,False
MONDO:0009061,CHEMBL140,Request error
MONDO:0009061,CHEMBL254219,False
MONDO:0009061,CHEMBL491571,False
MONDO:0009061,CHEMBL7301,False
MONDO:0009061,CHEMBL196,False
MONDO:0009061,CHEMBL22587,False
MONDO:0009061,CHEMBL2103870,False
MONDO:0009061,CHEMBL689,False
MONDO:0009061,CHEMBL181886,False
MONDO:0009061,CHEMBL158,False
MONDO:0009061,CHEMBL1200628,False
MONDO:0009061,CHEMBL858,False
MONDO:0009061,CHEMBL4208954,False
MONDO:0009061,CHEMBL1747,False
MONDO:0009061,CHEMBL4297879,False
MONDO:0009061,CHEMBL4297479,False
MONDO:0009061,CHEMBL1254452,False
MONDO:0009061,CHEMBL2103799,False
MONDO:0009061,CHEMBL1767408,False
MONDO:0009061,CHEMBL1742420,False
MONDO:0009061,CHEMBL1767407,False
MONDO:0009061,CHEMBL134561,False
MONDO:0009061,CHEMBL2108025,False
MONDO:0009061,CHEMBL4297166,False
MONDO:0009061,CHEMBL2109134,False
MONDO:0009061,CHEMBL2108327,False
MONDO:0009061,CHEMBL2108744,False
MONDO:0009061,CHEMBL2108026,False
MONDO:0009061,CHEMBL1201657,False
MONDO:0009061,CHEMBL1201431,False
MONDO:0016239,CHEMBL602,False
MONDO:0016239,CHEMBL1256137,False
MONDO:0016239,CHEMBL2206194,False
MONDO:0009067,CHEMBL80830,False
MONDO:0009067,CHEMBL1182,False
MONDO:0009067,CHEMBL1314,False
MONDO:0009067,CHEMBL239243,False
MONDO:0005502,CHEMBL1543,False
MONDO:0005502,CHEMBL4514089,False
MONDO:0016367,CHEMBL1201828,False
MONDO:0016367,CHEMBL2336071,False
MONDO:0016367,CHEMBL456341,False
MONDO:0016367,CHEMBL2096650,False
MONDO:0019100,CHEMBL1201828,False
MONDO:0019100,CHEMBL1619,True
MONDO:0019100,CHEMBL2108354,False
MONDO:0010679,CHEMBL224128,False
MONDO:0010679,CHEMBL541,False
MONDO:0010679,CHEMBL252556,False
MONDO:0010679,CHEMBL3989868,False
MONDO:0010679,CHEMBL2348780,False
MONDO:0010679,CHEMBL3786673,False
MONDO:0010679,CHEMBL2107802,False
MONDO:0010679,CHEMBL2103831,False
MONDO:0010679,CHEMBL2108278,False
MONDO:0010679,CHEMBL1201891,False
MONDO:0001754,CHEMBL63507,False
MONDO:0001754,CHEMBL276832,True
MONDO:0020066,CHEMBL27810,False
MONDO:0006541,CHEMBL41286,True
MONDO:0006541,CHEMBL454801,True
MONDO:0018747,CHEMBL3910904,False
MONDO:0007571,CHEMBL294199,False
MONDO:0007571,CHEMBL3544912,False
MONDO:0007571,CHEMBL3707218,False
MONDO:0007576,CHEMBL2108738,False
MONDO:0007576,CHEMBL185,True
MONDO:0007576,CHEMBL449158,False
MONDO:0007576,CHEMBL500853,False
MONDO:0007576,CHEMBL1743051,False
MONDO:0001221,CHEMBL3989529,False
MONDO:0012817,CHEMBL1743024,False
MONDO:0010526,CHEMBL1029,False
MONDO:0010526,CHEMBL1086997,False
MONDO:0021055,CHEMBL830,False
MONDO:0021055,CHEMBL1201303,Request error
MONDO:0021055,CHEMBL15770,True
MONDO:0021055,CHEMBL460026,True
MONDO:0000995,CHEMBL17,False
MONDO:0004668,CHEMBL1086440,False
MONDO:0007606,CHEMBL2105648,False
MONDO:0010383,CHEMBL312443,False
MONDO:0010383,CHEMBL3087515,False
MONDO:0010383,CHEMBL3301626,False
MONDO:0010383,CHEMBL266510,False
MONDO:0010383,CHEMBL1568698,False
MONDO:0010383,CHEMBL190461,False
MONDO:0010383,CHEMBL1201293,False
MONDO:0010383,CHEMBL1697733,False
MONDO:0010383,CHEMBL2387742,False
MONDO:0010383,CHEMBL109,True
MONDO:0010383,CHEMBL449158,False
MONDO:0009245,CHEMBL2107832,False
MONDO:0009245,CHEMBL4303525,False
MONDO:0009245,CHEMBL2107333,False
MONDO:0009245,CHEMBL70927,False
MONDO:0009245,CHEMBL252556,False
MONDO:0009245,CHEMBL454801,False
MONDO:0018944,CHEMBL1201225,False
MONDO:0021042,CHEMBL1201583,False
MONDO:0021042,CHEMBL444711,False
MONDO:0021042,CHEMBL429876,False
MONDO:0021042,CHEMBL2146086,False
MONDO:0021042,CHEMBL2105643,False
MONDO:0021042,CHEMBL359744,False
MONDO:0021042,CHEMBL830,False
MONDO:0021042,CHEMBL3989958,False
MONDO:0021042,CHEMBL27,True
MONDO:0021042,CHEMBL61872,False
MONDO:0021042,CHEMBL810,True
MONDO:0021042,CHEMBL190461,True
MONDO:0021042,CHEMBL1746,False
MONDO:0021042,CHEMBL1607,False
MONDO:0021042,CHEMBL283120,False
MONDO:0021042,CHEMBL1980825,False
MONDO:0021042,CHEMBL289559,False
MONDO:0021042,CHEMBL371405,False
MONDO:0021042,CHEMBL4279047,False
MONDO:0021042,CHEMBL166937,False
MONDO:0021042,CHEMBL3297898,False
MONDO:0021042,CHEMBL254468,False
MONDO:0021042,CHEMBL2108531,False
MONDO:0021042,CHEMBL4298122,False
MONDO:0021042,CHEMBL2108359,False
MONDO:0021042,CHEMBL2108060,False
MONDO:0021042,CHEMBL2108045,False
MONDO:0021042,CHEMBL2108583,False
MONDO:0016683,CHEMBL4297310,True
MONDO:0016683,CHEMBL52609,True
MONDO:0016683,CHEMBL550961,False
MONDO:0016683,CHEMBL2103796,False
MONDO:0005363,CHEMBL539423,False
MONDO:0005363,CHEMBL4650229,False
MONDO:0005363,CHEMBL1743022,False
MONDO:0020546,CHEMBL1201605,False
MONDO:0020546,CHEMBL160,True
MONDO:0020546,CHEMBL4297549,False
MONDO:0020546,CHEMBL4297879,False
MONDO:0020546,CHEMBL4297861,False
MONDO:0020546,CHEMBL4297981,False
MONDO:0020546,CHEMBL2109193,False
MONDO:0016218,CHEMBL284348,False
MONDO:0008218,CHEMBL441738,False
MONDO:0018935,CHEMBL1742992,False
MONDO:0018935,CHEMBL1619,False
MONDO:0009319,CHEMBL4297615,False
MONDO:0023305,CHEMBL556,False
MONDO:0001549,CHEMBL1201828,False
MONDO:0001549,CHEMBL3989986,False
MONDO:0010602,CHEMBL4297945,False
MONDO:0010602,CHEMBL4297953,False
MONDO:0010602,CHEMBL4297873,False
MONDO:0010602,CHEMBL4297609,False
MONDO:0010602,CHEMBL4297730,False
MONDO:0010602,CHEMBL4297869,False
MONDO:0010602,CHEMBL2108574,False
MONDO:0043240,CHEMBL122,False
MONDO:0005029,CHEMBL760,True
MONDO:0005029,CHEMBL1201558,False
MONDO:0019180,CHEMBL1201583,False
MONDO:0012521,CHEMBL184,False
MONDO:0010674,CHEMBL1201279,False
MONDO:0010674,CHEMBL4297988,False
MONDO:0010674,CHEMBL1201826,False
MONDO:0007739,CHEMBL519344,False
MONDO:0007739,CHEMBL499915,True
MONDO:0007739,CHEMBL589390,False
MONDO:0007739,CHEMBL2103814,False
MONDO:0007739,CHEMBL420311,True
MONDO:0007739,CHEMBL104,False
MONDO:0007739,CHEMBL2095209,False
MONDO:0007739,CHEMBL602,False
MONDO:0007739,CHEMBL2103738,False
MONDO:0007739,CHEMBL454801,False
MONDO:0007762,CHEMBL2105804,False
MONDO:0001220,CHEMBL2108078,False
MONDO:0018570,CHEMBL2108311,False
MONDO:0008346,CHEMBL4297869,False
MONDO:0002048,CHEMBL4297832,False
MONDO:0002048,CHEMBL2107859,False
MONDO:0019092,CHEMBL113,False
MONDO:0016512,CHEMBL3775474,False
MONDO:0005055,CHEMBL468,True
MONDO:0005055,CHEMBL705,False
MONDO:0005055,CHEMBL428647,True
MONDO:0005055,CHEMBL276711,False
MONDO:0005055,CHEMBL1201558,False
MONDO:0005055,CHEMBL2108508,False
MONDO:0015486,CHEMBL1534,True
MONDO:0009499,CHEMBL19449,False
MONDO:0018556,CHEMBL354077,False
MONDO:0009877,CHEMBL1201716,False
MONDO:0009877,CHEMBL1201717,False
MONDO:0010788,CHEMBL252556,False
MONDO:0011989,CHEMBL125,False
MONDO:0011989,CHEMBL370143,False
MONDO:0011989,CHEMBL466042,False
MONDO:0011989,CHEMBL1688966,False
MONDO:0011989,CHEMBL267345,False
MONDO:0005124,CHEMBL468,True
MONDO:0005124,CHEMBL1292,False
MONDO:0019046,CHEMBL107400,False
MONDO:0019046,CHEMBL4297655,False
MONDO:0019046,CHEMBL1267,False
MONDO:0005136,CHEMBL2107359,False
MONDO:0005136,CHEMBL306823,False
MONDO:0005136,CHEMBL361497,True
MONDO:0005136,CHEMBL144037,False
MONDO:0005136,CHEMBL516268,False
MONDO:0005136,CHEMBL1082723,False
MONDO:0005136,CHEMBL4297927,False
MONDO:0005136,CHEMBL2359966,False
MONDO:0005136,CHEMBL1107,False
MONDO:0005136,CHEMBL1606,False
MONDO:0009561,CHEMBL4298010,False
MONDO:0018876,CHEMBL1873475,True
MONDO:0018876,CHEMBL1743007,False
MONDO:0018876,CHEMBL848,True
MONDO:0018876,CHEMBL325041,True
MONDO:0018876,CHEMBL4297310,True
MONDO:0007947,CHEMBL191,False
MONDO:0007950,CHEMBL1642,False
MONDO:0007950,CHEMBL608533,True
MONDO:0007950,CHEMBL1908391,False
MONDO:0007950,CHEMBL74,False
MONDO:0007950,CHEMBL534,False
MONDO:0015277,CHEMBL1336,True
MONDO:0007959,CHEMBL3137322,False
MONDO:0007959,CHEMBL2105737,False
MONDO:0007959,CHEMBL1770614,False
MONDO:0010789,CHEMBL252556,False
MONDO:0016642,CHEMBL191482,False
MONDO:0006292,CHEMBL2360464,False
MONDO:0006292,CHEMBL98,False
MONDO:0006292,CHEMBL502835,False
MONDO:0006292,CHEMBL320775,False
MONDO:0006292,CHEMBL3414621,False
MONDO:0006292,CHEMBL3278060,False
MONDO:0006292,CHEMBL3137346,False
MONDO:0006292,CHEMBL1742984,False
MONDO:0006292,CHEMBL2108658,False
MONDO:0019562,CHEMBL3039523,False
MONDO:0019562,CHEMBL2108346,False
MONDO:0019249,CHEMBL1201279,False
MONDO:0019249,CHEMBL2107763,False
MONDO:0019249,CHEMBL1201595,False
MONDO:0019249,CHEMBL1201826,False
MONDO:0019249,CHEMBL2108676,False
MONDO:0009661,CHEMBL1201822,True
MONDO:0009693,CHEMBL3137309,False
MONDO:0009693,CHEMBL1873475,False
MONDO:0009693,CHEMBL468,False
MONDO:0009693,CHEMBL43452,False
MONDO:0009693,CHEMBL848,False
MONDO:0009693,CHEMBL98,True
MONDO:0009693,CHEMBL1743070,False
MONDO:0009693,CHEMBL325041,True
MONDO:0009693,CHEMBL451887,False
MONDO:0009693,CHEMBL3545432,False
MONDO:0009693,CHEMBL1743010,False
MONDO:0009693,CHEMBL331237,False
MONDO:0009693,CHEMBL2107784,False
MONDO:0009693,CHEMBL2103884,False
MONDO:0009693,CHEMBL3747513,False
MONDO:0009693,CHEMBL2431768,False
MONDO:0009693,CHEMBL487253,False
MONDO:0009693,CHEMBL852,False
MONDO:0009693,CHEMBL359744,False
MONDO:0009693,CHEMBL146428,False
MONDO:0009693,CHEMBL2347655,False
MONDO:0009693,CHEMBL2105690,False
MONDO:0009693,CHEMBL483254,False
MONDO:0009693,CHEMBL372764,False
MONDO:0009693,CHEMBL289228,False
MONDO:0009693,CHEMBL1551724,False
MONDO:0009693,CHEMBL384467,True
MONDO:0009693,CHEMBL522892,False
MONDO:0009693,CHEMBL4297403,False
MONDO:0009693,CHEMBL508651,False
MONDO:0009693,CHEMBL371405,False
MONDO:0009693,CHEMBL455983,False
MONDO:0009693,CHEMBL4441423,False
MONDO:0009693,CHEMBL4296683,False
MONDO:0009693,CHEMBL3833386,False
MONDO:0009693,CHEMBL4630621,False
MONDO:0009693,CHEMBL1743040,False
MONDO:0009693,CHEMBL109480,False
MONDO:0009693,CHEMBL1743005,False
MONDO:0009693,CHEMBL1743075,False
MONDO:0009688,CHEMBL3301611,False
MONDO:0009688,CHEMBL667,True
MONDO:0009688,CHEMBL211471,False
MONDO:0018881,CHEMBL1642,True
MONDO:0018881,CHEMBL848,True
MONDO:0018881,CHEMBL1489,True
MONDO:0018881,CHEMBL1201129,True
MONDO:0018881,CHEMBL1241855,True
MONDO:0018881,CHEMBL3186849,False
MONDO:0018881,CHEMBL7301,True
MONDO:0016022,CHEMBL1431,True
MONDO:0009377,CHEMBL1201780,True
MONDO:0016158,CHEMBL1200682,False
MONDO:0016158,CHEMBL1373,False
MONDO:0016158,CHEMBL116943,False
MONDO:0016158,CHEMBL652,False
MONDO:0016158,CHEMBL1342,False
MONDO:0016158,CHEMBL781,False
MONDO:0016158,CHEMBL4650341,False
MONDO:0007187,CHEMBL538867,False
MONDO:0017381,CHEMBL146673,False
MONDO:0005072,CHEMBL2105420,False
MONDO:0005072,CHEMBL830,False
MONDO:0005072,CHEMBL1983268,Request error
MONDO:0005072,CHEMBL7301,False
MONDO:0005072,CHEMBL372764,False
MONDO:0005072,CHEMBL483465,False
MONDO:0005072,CHEMBL1615777,False
MONDO:0005072,CHEMBL4594234,False
MONDO:0005072,CHEMBL3137342,False
MONDO:0016755,CHEMBL325041,True
MONDO:0016755,CHEMBL1614701,True
MONDO:0019790,CHEMBL655,False
MONDO:0009757,CHEMBL1551,False
MONDO:0009757,CHEMBL207538,False
MONDO:0009757,CHEMBL1875805,False
MONDO:0010298,CHEMBL3400972,False
MONDO:0010298,CHEMBL1822916,False
MONDO:0024573,CHEMBL545,True
MONDO:0024573,CHEMBL1334033,False
MONDO:0024573,CHEMBL4297517,False
MONDO:0002801,CHEMBL278020,False
MONDO:0017137,CHEMBL1454946,False
MONDO:0009376,CHEMBL2108163,False
MONDO:0002629,CHEMBL3244648,False
MONDO:0002629,CHEMBL1679,False
MONDO:0002629,CHEMBL1908841,False
MONDO:0002629,CHEMBL4297984,False
MONDO:0002629,CHEMBL3989986,False
MONDO:0008170,CHEMBL521686,False
MONDO:0008170,CHEMBL428647,True
MONDO:0008170,CHEMBL1201583,False
MONDO:0008170,CHEMBL3586471,False
MONDO:0008170,CHEMBL1241855,False
MONDO:0008170,CHEMBL3137322,False
MONDO:0008170,CHEMBL3137331,False
MONDO:0008170,CHEMBL506871,False
MONDO:0008170,CHEMBL3301618,False
MONDO:0008170,CHEMBL1206232,False
MONDO:0008170,CHEMBL3187723,False
MONDO:0008170,CHEMBL65,False
MONDO:0008170,CHEMBL254219,True
MONDO:0008170,CHEMBL53463,True
MONDO:0008170,CHEMBL2107818,False
MONDO:0008170,CHEMBL45816,False
MONDO:0008170,CHEMBL477772,False
MONDO:0008170,CHEMBL55,False
MONDO:0008170,CHEMBL94657,False
MONDO:0008170,CHEMBL2158051,False
MONDO:0008170,CHEMBL573677,False
MONDO:0008170,CHEMBL2107123,False
MONDO:0008170,CHEMBL1980297,False
MONDO:0008170,CHEMBL118218,False
MONDO:0008170,CHEMBL4297516,False
MONDO:0008170,CHEMBL1743016,False
MONDO:0008170,CHEMBL3039521,False
MONDO:0008170,CHEMBL3989689,False
MONDO:0008170,CHEMBL1975551,False
MONDO:0008170,CHEMBL2007641,False
MONDO:0008170,CHEMBL3039558,False
MONDO:0008170,CHEMBL2108568,False
MONDO:0008170,CHEMBL1742981,False
MONDO:0012004,CHEMBL1201284,False
MONDO:0100245,CHEMBL1201828,False
MONDO:0100245,CHEMBL4297260,False
MONDO:0100245,CHEMBL4250860,False
MONDO:0100245,CHEMBL4297928,False
MONDO:0011827,CHEMBL1201141,False
MONDO:0006594,CHEMBL1201576,False
MONDO:0006594,CHEMBL4298117,False
MONDO:0006594,CHEMBL1743088,False
MONDO:0008219,CHEMBL3910904,False
MONDO:0000430,CHEMBL1743041,False
MONDO:0000430,CHEMBL408513,False
MONDO:0000430,CHEMBL1201550,False
MONDO:0000430,CHEMBL1417019,False
MONDO:0000430,CHEMBL483158,False
MONDO:0000430,CHEMBL3186849,False
MONDO:0000430,CHEMBL7301,False
MONDO:0000430,CHEMBL3247378,False
MONDO:0009861,CHEMBL301523,True
MONDO:0017190,CHEMBL1615777,False
MONDO:0017190,CHEMBL3989511,False
MONDO:0006906,CHEMBL4297713,False
MONDO:0017373,CHEMBL1235858,False
MONDO:0009891,CHEMBL1213492,True
MONDO:0009891,CHEMBL2107823,False
MONDO:0009891,CHEMBL2402737,False
MONDO:0009891,CHEMBL1789941,True
MONDO:0009891,CHEMBL603469,True
MONDO:0019127,CHEMBL2336071,False
MONDO:0004651,CHEMBL203321,False
MONDO:0004651,CHEMBL1257073,False
MONDO:0000088,CHEMBL1200775,False
MONDO:0000088,CHEMBL1201255,False
MONDO:0005388,CHEMBL566315,False
MONDO:0005388,CHEMBL1551,True
MONDO:0005388,CHEMBL4297588,False
MONDO:0005388,CHEMBL17879,False
MONDO:0005388,CHEMBL4298055,False
MONDO:0016318,CHEMBL1642,False
MONDO:0019037,CHEMBL3545157,False
MONDO:0019037,CHEMBL121626,True
MONDO:0008318,CHEMBL4297188,True
MONDO:0012579,CHEMBL413,False
MONDO:0012579,CHEMBL4297322,False
MONDO:0012579,CHEMBL4650333,False
MONDO:0012579,CHEMBL3301604,False
MONDO:0012579,CHEMBL1207745,False
MONDO:0012579,CHEMBL2109134,False
MONDO:0015924,CHEMBL1111,False
MONDO:0015924,CHEMBL2103873,False
MONDO:0015924,CHEMBL3989887,False
MONDO:0015924,CHEMBL2107834,False
MONDO:0015924,CHEMBL1200689,True
MONDO:0015924,CHEMBL779,False
MONDO:0015924,CHEMBL238804,False
MONDO:0015924,CHEMBL73151,False
MONDO:0015924,CHEMBL29292,False
MONDO:0015924,CHEMBL306823,False
MONDO:0015924,CHEMBL1093059,False
MONDO:0015924,CHEMBL93268,False
MONDO:0015924,CHEMBL494,True
MONDO:0015924,CHEMBL941,True
MONDO:0015924,CHEMBL157138,False
MONDO:0015924,CHEMBL1139,True
MONDO:0015924,CHEMBL2105740,False
MONDO:0015924,CHEMBL1237119,True
MONDO:0015924,CHEMBL203266,True
MONDO:0015924,CHEMBL3916717,False
MONDO:0015924,CHEMBL3989686,False
MONDO:0015924,CHEMBL3137337,False
MONDO:0018824,CHEMBL1743026,False
MONDO:0017606,CHEMBL940,False
MONDO:0017606,CHEMBL294199,False
MONDO:0017606,CHEMBL604710,False
MONDO:0017606,CHEMBL634,False
MONDO:0017606,CHEMBL1200336,False
MONDO:0016019,CHEMBL1201576,False
MONDO:0008380,CHEMBL852,False
MONDO:0002728,CHEMBL3414621,False
MONDO:0010006,CHEMBL36,False
MONDO:0008346,CHEMBL70927,True
MONDO:0001516,CHEMBL4290141,False
MONDO:0001516,CHEMBL256997,False
MONDO:0001516,CHEMBL1746,False
MONDO:0001516,CHEMBL2105745,False
MONDO:0001056,CHEMBL1789844,False
MONDO:0001056,CHEMBL1201585,False
MONDO:0001056,CHEMBL1743062,False
MONDO:0001056,CHEMBL1201037,False
MONDO:0001056,CHEMBL3137343,False
MONDO:0001056,CHEMBL428647,True
MONDO:0001056,CHEMBL2177390,False
MONDO:0001056,CHEMBL2079588,False
MONDO:0001056,CHEMBL3545414,False
MONDO:0001056,CHEMBL64130,True
MONDO:0001056,CHEMBL53463,True
MONDO:0001056,CHEMBL917,False
MONDO:0001056,CHEMBL2103842,False
MONDO:0001056,CHEMBL2107787,False
MONDO:0001056,CHEMBL2103835,False
MONDO:0001056,CHEMBL2108581,False
MONDO:0001056,CHEMBL4650256,False
MONDO:0001056,CHEMBL2007641,False
MONDO:0001056,CHEMBL4297537,False
MONDO:0009114,CHEMBL1201487,False
MONDO:0010100,CHEMBL257158,False
MONDO:0000984,CHEMBL2311128,False
MONDO:0000984,CHEMBL352219,False
MONDO:0000984,CHEMBL4297982,False
MONDO:0006474,CHEMBL1201746,True
MONDO:0021553,CHEMBL701,False
MONDO:0008599,CHEMBL545,True
MONDO:0008599,CHEMBL302213,False
MONDO:0008599,CHEMBL1231871,False
MONDO:0005459,CHEMBL1201037,False
MONDO:0005459,CHEMBL2107359,False
MONDO:0005459,CHEMBL1631694,False
MONDO:0005459,CHEMBL166,False
MONDO:0019341,CHEMBL413,True
MONDO:0019341,CHEMBL1908360,True
MONDO:0019499,CHEMBL1201621,False
MONDO:0019499,CHEMBL1201620,False
MONDO:0019499,CHEMBL135,True
MONDO:0019499,CHEMBL691,True
MONDO:0004739,CHEMBL1746,False
MONDO:0004739,CHEMBL1160819,False
MONDO:0019085,CHEMBL3989725,False
MONDO:0019085,CHEMBL74,False
MONDO:0019085,CHEMBL160,False
MONDO:0019085,CHEMBL1237102,False
MONDO:0008667,CHEMBL276711,False
MONDO:0009287,CHEMBL448805,True
MONDO:0018975,CHEMBL507361,False
MONDO:0100280,CHEMBL1873475,True
MONDO:0100280,CHEMBL2216870,True
MONDO:0100280,CHEMBL2103884,False
MONDO:0100280,CHEMBL4297995,False
MONDO:0012105,CHEMBL1201576,False
MONDO:0012105,CHEMBL2356648,False
MONDO:0018097,CHEMBL1568698,False
MONDO:0018097,CHEMBL190461,True
MONDO:0018097,CHEMBL4594269,False
MONDO:0018097,CHEMBL4594413,False
MONDO:0018097,CHEMBL2087003,False
MONDO:0010200,CHEMBL3989777,False
MONDO:0010200,CHEMBL3184986,False
MONDO:0018105,CHEMBL433,False
MONDO:0020121,CHEMBL1738757,False
MONDO:0020121,CHEMBL256997,False
MONDO:0020121,CHEMBL1232111,False
MONDO:0005119,CHEMBL3989904,False
MONDO:0005119,CHEMBL2108638,False
MONDO:0005119,CHEMBL3544926,False
MONDO:0015484,CHEMBL42442,False
MONDO:0015484,CHEMBL976,False
MONDO:0008434,CHEMBL45,False
MONDO:0004643,CHEMBL1201506,False
MONDO:0004643,CHEMBL1200475,False
MONDO:0004643,CHEMBL462018,False
MONDO:0004643,CHEMBL176045,True
MONDO:0004643,CHEMBL1233528,True
MONDO:0004643,CHEMBL3265032,True
MONDO:0004643,CHEMBL68117,False
MONDO:0004643,CHEMBL53,False
MONDO:0004643,CHEMBL428690,False
MONDO:0004643,CHEMBL2074689,False
MONDO:0004643,CHEMBL3545185,False
MONDO:0004643,CHEMBL25202,False
MONDO:0004643,CHEMBL376140,False
MONDO:0004643,CHEMBL2103847,True
MONDO:0004643,CHEMBL3989424,False
MONDO:0004643,CHEMBL1411,False
MONDO:0004643,CHEMBL4297264,False
MONDO:0004643,CHEMBL214321,False
MONDO:0004643,CHEMBL2105665,False
MONDO:0004643,CHEMBL2105107,False
MONDO:0004643,CHEMBL3039543,False
MONDO:0004643,CHEMBL603469,True
MONDO:0004643,CHEMBL2108989,False
MONDO:0004643,CHEMBL2108280,False
MONDO:0004643,CHEMBL503868,False
MONDO:0004643,CHEMBL3990021,False
MONDO:0004643,CHEMBL2109150,False
MONDO:0018150,CHEMBL1029,False
MONDO:0018150,CHEMBL153479,True
MONDO:0018150,CHEMBL2110588,False
MONDO:0018150,CHEMBL448864,False
MONDO:0018150,CHEMBL4297611,False
MONDO:0018150,CHEMBL1964120,False
MONDO:0018150,CHEMBL1201865,False
MONDO:0008056,CHEMBL3545157,False
MONDO:0009889,CHEMBL3544983,False
MONDO:0010703,CHEMBL446143,False
MONDO:0020257,CHEMBL4594541,False
MONDO:0017276,CHEMBL121626,False
MONDO:0017276,CHEMBL346647,False
MONDO:0023113,CHEMBL3989868,False
MONDO:0023113,CHEMBL185,False
MONDO:0017255,CHEMBL1201749,False
MONDO:0017255,CHEMBL384467,True
MONDO:0017255,CHEMBL1201833,False
MONDO:0017255,CHEMBL1743068,False
MONDO:0017255,CHEMBL1743026,False
MONDO:0011719,CHEMBL1642,Request error
MONDO:0011719,CHEMBL1946170,Request error
MONDO:0011719,CHEMBL1908391,False
MONDO:0011719,CHEMBL1184904,False
MONDO:0008345,CHEMBL2103873,False
MONDO:0008345,CHEMBL1200689,True
MONDO:0008345,CHEMBL502835,True
MONDO:0008345,CHEMBL1950289,False
MONDO:0008345,CHEMBL4303187,False
MONDO:0008345,CHEMBL1256391,False
MONDO:0008345,CHEMBL2104988,False
MONDO:0008345,CHEMBL3828074,False
MONDO:0008345,CHEMBL1231840,False
MONDO:0008345,CHEMBL2109377,False
MONDO:0008345,CHEMBL1743035,False
MONDO:0008345,CHEMBL2108583,False
MONDO:0008345,CHEMBL1743022,False
MONDO:0008345,CHEMBL1742999,False
MONDO:0008345,CHEMBL1743081,False
MONDO:0011382,CHEMBL1201129,True
MONDO:0011382,CHEMBL413,True
MONDO:0011382,CHEMBL405821,False
MONDO:0011382,CHEMBL2107809,False
MONDO:0011382,CHEMBL2296002,False
MONDO:0011382,CHEMBL104,True
MONDO:0011382,CHEMBL93268,False
MONDO:0011382,CHEMBL367149,True
MONDO:0011382,CHEMBL1983268,False
MONDO:0011382,CHEMBL467,True
MONDO:0011382,CHEMBL1746,False
MONDO:0011382,CHEMBL1201516,False
MONDO:0011382,CHEMBL1899801,False
MONDO:0011382,CHEMBL185885,False
MONDO:0011382,CHEMBL4297616,False
MONDO:0011382,CHEMBL1968477,False
MONDO:0011382,CHEMBL15972,False
MONDO:0011382,CHEMBL1231840,True
MONDO:0011382,CHEMBL1234886,True
MONDO:0011382,CHEMBL4297825,False
MONDO:0009692,CHEMBL43452,True
MONDO:0009692,CHEMBL1795071,True
MONDO:0009692,CHEMBL200102,True
MONDO:0009692,CHEMBL1161,False
MONDO:0009692,CHEMBL2107358,False
MONDO:0009692,CHEMBL1201558,False
MONDO:0009692,CHEMBL2107856,False
MONDO:0009692,CHEMBL2035187,True
MONDO:0019460,CHEMBL1201129,False
MONDO:0004944,CHEMBL29,True
MONDO:0010604,CHEMBL1201279,True
MONDO:0010604,CHEMBL4298080,False
MONDO:0010604,CHEMBL4297986,False
MONDO:0010604,CHEMBL4594598,False
MONDO:0010604,CHEMBL2108574,False
MONDO:0020122,CHEMBL1201823,False
MONDO:0016129,CHEMBL1473,False
MONDO:0016129,CHEMBL2107884,False
MONDO:0016129,CHEMBL2108675,False
MONDO:0016129,CHEMBL4650505,False
MONDO:0016129,CHEMBL1370,False
MONDO:0002158,CHEMBL94657,False
MONDO:0013860,CHEMBL1201828,False
MONDO:0000870,CHEMBL452231,True
MONDO:0100062,CHEMBL1568698,True
MONDO:0011724,CHEMBL4297585,False
MONDO:0019210,CHEMBL3137343,True
MONDO:0008674,CHEMBL518924,False
MONDO:0009945,CHEMBL1364,False
MONDO:0019087,CHEMBL177837,False
MONDO:0019087,CHEMBL55,True
MONDO:0019087,CHEMBL2107313,False
MONDO:0001657,CHEMBL468,True
MONDO:0001657,CHEMBL2104612,False
MONDO:0001657,CHEMBL1256575,False
MONDO:0005369,CHEMBL1680,True
MONDO:0005369,CHEMBL324547,False
MONDO:0002571,CHEMBL4084907,False
MONDO:0018055,CHEMBL3939295,False
MONDO:0018055,CHEMBL3989913,False
MONDO:0018055,CHEMBL4650330,False
MONDO:0018055,CHEMBL4297474,False
MONDO:0000688,CHEMBL1201780,False
MONDO:0000447,CHEMBL2107211,False
MONDO:0011603,CHEMBL2105945,False
MONDO:0009071,CHEMBL3989822,False
MONDO:0005706,CHEMBL35306,False
MONDO:0000878,CHEMBL1200850,False
MONDO:0000878,CHEMBL182,False
MONDO:0015265,CHEMBL1201570,False
MONDO:0015265,CHEMBL160,False
MONDO:0019088,CHEMBL3990003,False
MONDO:0008538,CHEMBL1201823,False
MONDO:0015254,CHEMBL1235551,False
MONDO:0007869,CHEMBL48449,False
MONDO:0005100,CHEMBL43452,False
MONDO:0005100,CHEMBL231884,False
MONDO:0005100,CHEMBL4303187,False
MONDO:0005100,CHEMBL494,False
MONDO:0005100,CHEMBL4091374,False
MONDO:0005100,CHEMBL67776,False
MONDO:0005100,CHEMBL4297747,False
MONDO:0005100,CHEMBL2108358,False
MONDO:0004639,CHEMBL45,False
MONDO:0004639,CHEMBL2109070,False
MONDO:0004639,CHEMBL2108314,False
MONDO:0002013,CHEMBL545,False
MONDO:0008892,CHEMBL363392,False
MONDO:0011906,CHEMBL205596,False
MONDO:0054869,CHEMBL558,False
MONDO:0009960,CHEMBL1201581,False
MONDO:0009960,CHEMBL4298167,False
MONDO:0009960,CHEMBL704,False
MONDO:0009960,CHEMBL1586,False
MONDO:0009960,CHEMBL3707247,False
MONDO:0009960,CHEMBL4297564,False
MONDO:0009960,CHEMBL1091,False
MONDO:0009960,CHEMBL1743015,False
MONDO:0009960,CHEMBL3990014,False
MONDO:0016532,CHEMBL70418,True
MONDO:0016532,CHEMBL1094,False
MONDO:0016532,CHEMBL220492,True
MONDO:0016532,CHEMBL1201754,True
MONDO:0016532,CHEMBL741,True
MONDO:0016532,CHEMBL87493,False
MONDO:0016532,CHEMBL190461,False
MONDO:0016532,CHEMBL2087003,False
MONDO:0000930,CHEMBL98,True
MONDO:0017909,CHEMBL1543,True
MONDO:0002125,CHEMBL655,True
MONDO:0002125,CHEMBL1356,False
MONDO:0002125,CHEMBL1201336,False
MONDO:0002125,CHEMBL16,False
MONDO:0002125,CHEMBL207538,True
MONDO:0002125,CHEMBL108,True
MONDO:0002125,CHEMBL12,True
MONDO:0002125,CHEMBL1568698,False
MONDO:0019136,CHEMBL3137333,False
MONDO:0007295,CHEMBL328560,False
MONDO:0022839,CHEMBL465,False
MONDO:0022839,CHEMBL23094,False
MONDO:0022839,CHEMBL1460,False
MONDO:0022839,CHEMBL163,False
MONDO:0022839,CHEMBL77305,False
MONDO:0022839,CHEMBL1088977,False
MONDO:0022839,CHEMBL3989702,False
MONDO:0022839,CHEMBL42336,False
MONDO:0022839,CHEMBL853,False
MONDO:0022839,CHEMBL129,False
MONDO:0022839,CHEMBL2107911,False
MONDO:0022839,CHEMBL372283,False
MONDO:0022839,CHEMBL1743029,False
MONDO:0001586,CHEMBL2206194,False
MONDO:0019142,CHEMBL1201255,False
MONDO:0019142,CHEMBL441738,False
MONDO:0018660,CHEMBL2108148,False
MONDO:0018608,CHEMBL2103827,False
MONDO:0100135,CHEMBL1407943,False
MONDO:0100135,CHEMBL12,False
MONDO:0100135,CHEMBL395280,False
MONDO:0100135,CHEMBL1983350,False
MONDO:0100135,CHEMBL190461,False
MONDO:0100135,CHEMBL621,False
MONDO:0018784,CHEMBL2109591,False
MONDO:0001711,CHEMBL4297204,False
MONDO:0017594,CHEMBL1742992,False
MONDO:0013111,CHEMBL600,False
MONDO:0013111,CHEMBL2107737,False
MONDO:0013111,CHEMBL225157,False
MONDO:0013111,CHEMBL203266,False
MONDO:0016703,CHEMBL3989955,False
MONDO:0000481,CHEMBL701,False
MONDO:0000481,CHEMBL4297862,False
MONDO:0000481,CHEMBL2108710,False
MONDO:0005996,CHEMBL685,False
MONDO:0016295,CHEMBL457,False
MONDO:0016295,CHEMBL602,Request error
MONDO:0016295,CHEMBL555486,False
MONDO:0016295,CHEMBL1201556,False
MONDO:0005556,CHEMBL2107549,False
MONDO:0005556,CHEMBL2108171,False
MONDO:0000557,CHEMBL1875805,False
MONDO:0016471,CHEMBL413,True
MONDO:0018925,CHEMBL30008,True
MONDO:0006043,CHEMBL1200374,False
MONDO:0010246,CHEMBL1568698,False
MONDO:0016168,CHEMBL1201834,False
MONDO:0016168,CHEMBL1201570,False
MONDO:0013038,CHEMBL545,False
MONDO:0019137,CHEMBL2103822,False
MONDO:0019137,CHEMBL45,False
MONDO:0019137,CHEMBL4079759,False
MONDO:0018997,CHEMBL1201621,False
MONDO:0020547,CHEMBL468,True
MONDO:0020547,CHEMBL3265032,True
MONDO:0020547,CHEMBL160,True
MONDO:0020547,CHEMBL960,True
MONDO:0020547,CHEMBL1789941,True
MONDO:0020547,CHEMBL190461,True
MONDO:0020547,CHEMBL3622820,True
MONDO:0020547,CHEMBL1200500,False
MONDO:0020547,CHEMBL1743087,False
MONDO:0020547,CHEMBL503868,True
MONDO:0019434,CHEMBL3622821,False
MONDO:0023249,CHEMBL1201572,False
MONDO:0023249,CHEMBL1201833,False
MONDO:0018307,CHEMBL70927,False
MONDO:0018940,CHEMBL3301611,False
MONDO:0018940,CHEMBL354077,False
MONDO:0018338,CHEMBL4297648,True
MONDO:0005075,CHEMBL1201533,False
MONDO:0005075,CHEMBL41632,False
MONDO:0005075,CHEMBL1614701,False
MONDO:0005075,CHEMBL549748,False
MONDO:0005075,CHEMBL1201532,False
MONDO:0010204,CHEMBL3039537,False
MONDO:0017719,CHEMBL1875805,False
MONDO:0015564,CHEMBL1743070,False
MONDO:0043370,CHEMBL650,False
MONDO:0018874,CHEMBL1201670,False
MONDO:0018874,CHEMBL1201567,False
MONDO:0018874,CHEMBL1200976,False
MONDO:0018874,CHEMBL1417019,False
MONDO:0018874,CHEMBL66115,False
MONDO:0018874,CHEMBL4297261,False
MONDO:0018874,CHEMBL2402737,False
MONDO:0018874,CHEMBL4297676,False
MONDO:0018874,CHEMBL1231160,Request error
MONDO:0018874,CHEMBL2105728,Request error
MONDO:0018874,CHEMBL1738758,False
MONDO:0018874,CHEMBL3186849,False
MONDO:0018874,CHEMBL1851943,False
MONDO:0018874,CHEMBL4594253,False
MONDO:0018874,CHEMBL455983,False
MONDO:0018874,CHEMBL4297264,Request error
MONDO:0018874,CHEMBL4297811,False
MONDO:0018469,CHEMBL1292,False
MONDO:0018469,CHEMBL177,False
MONDO:0015914,CHEMBL1200461,False
MONDO:0009238,CHEMBL1615371,False
MONDO:0019514,CHEMBL3707226,False
MONDO:0005674,CHEMBL1237023,False
MONDO:0019471,CHEMBL1743041,False
MONDO:0019471,CHEMBL1201746,True
MONDO:0019471,CHEMBL98,True
MONDO:0019471,CHEMBL1742994,False
MONDO:0019471,CHEMBL550755,False
MONDO:0019471,CHEMBL2108612,False
MONDO:0019471,CHEMBL2108742,False
MONDO:0003556,CHEMBL1569545,False
MONDO:0013024,CHEMBL2103873,False
MONDO:0013024,CHEMBL2107834,False
MONDO:0005086,CHEMBL1201182,True
MONDO:0005086,CHEMBL1201438,False
MONDO:0005086,CHEMBL1201583,False
MONDO:0005086,CHEMBL1336,True
MONDO:0005086,CHEMBL118218,False
MONDO:0005086,CHEMBL1743027,False
MONDO:0005086,CHEMBL2108651,False
MONDO:0005086,CHEMBL2108034,False
MONDO:0017604,CHEMBL1873475,False
MONDO:0017604,CHEMBL848,False
MONDO:0017604,CHEMBL2216870,False
MONDO:0017604,CHEMBL3218576,False
MONDO:0017604,CHEMBL2108354,False
MONDO:0001982,CHEMBL3707358,False
